{
	"name": "9768fdc6-cda9-4317-ae00-b52a24c5f7d9",
	"id": "/providers/Microsoft.Flow/flows/9768fdc6-cda9-4317-ae00-b52a24c5f7d9",
	"type": "Microsoft.Flow/flows",
	"properties": {
		"apiId": "/providers/Microsoft.PowerApps/apis/shared_logicflows",
		"displayName": "Get groups assigned to config profiles",
		"definition": {
			"metadata": {
				"workflowEntityId": null,
				"processAdvisorMetadata": null,
				"flowclientsuspensionreason": "None",
				"flowclientsuspensiontime": null,
				"flowclientsuspensionreasondetails": null,
				"creator": {
					"id": "bcc8a616-f590-4647-aab3-a96ab6bd4e28",
					"type": "User",
					"tenantId": "YourTenantID"
				},
				"provisioningMethod": "FromDefinition",
				"failureAlertSubscription": true,
				"clientLastModifiedTime": "2022-10-18T17:23:46.4135001Z"
			},
			"$schema": "https://schema.management.azure.com/providers/Microsoft.Logic/schemas/2016-06-01/workflowdefinition.json#",
			"contentVersion": "1.0.0.0",
			"parameters": {
				"$authentication": {
					"defaultValue": {},
					"type": "SecureObject"
				}
			},
			"triggers": {
				"manual": {
					"metadata": {
						"operationMetadataId": "0b5f1035-8372-46eb-aea4-15382e823e0b"
					},
					"type": "Request",
					"kind": "PowerApp",
					"inputs": {
						"schema": {
							"type": "object",
							"properties": {
								"varSelectedpolicy_Value": {
									"type": "string",
									"description": "Enter initial value",
									"x-ms-powerflows-param-ispartial": false
								}
							},
							"required": [
								"varSelectedpolicy_Value"
							]
						}
					}
				}
			},
			"actions": {
				"Get_config_profiles": {
					"runAfter": {
						"varSelectedpolicy": [
							"Succeeded"
						]
					},
					"metadata": {
						"operationMetadataId": "d9420915-3ece-46a2-8d6e-07ce591ab2fd"
					},
					"type": "Http",
					"inputs": {
						"method": "GET",
						"uri": "https://graph.microsoft.com/beta/devicemanagement/deviceConfigurations/@{variables('varSelectedpolicy')}/assignments?$select=target",
						"authentication": {
							"type": "ActiveDirectoryOAuth",
							"tenant": "@variables('Tenant')",
							"audience": "https://graph.microsoft.com",
							"clientId": "@variables('ClientID')",
							"secret": "@variables('Secret')"
						}
					}
				},
				"Parse_JSON": {
					"runAfter": {
						"Get_config_profiles": [
							"Succeeded"
						]
					},
					"metadata": {
						"operationMetadataId": "eef59db4-b2c7-4d99-acff-ee9a86e08ca1"
					},
					"type": "ParseJson",
					"inputs": {
						"content": "@body('Get_config_profiles')",
						"schema": {
							"type": "object",
							"properties": {
								"@@odata.context": {
									"type": "string"
								},
								"value": {
									"type": "array",
									"items": {
										"type": "object",
										"properties": {
											"target": {
												"type": "object",
												"properties": {
													"@@odata.type": {
														"type": "string"
													},
													"deviceAndAppManagementAssignmentFilterId": {},
													"deviceAndAppManagementAssignmentFilterType": {
														"type": "string"
													},
													"groupId": {
														"type": "string"
													}
												}
											}
										},
										"required": [
											"target"
										]
									}
								}
							}
						}
					}
				},
				"Apply_to_each": {
					"foreach": "@body('Parse_JSON')?['value']",
					"actions": {
						"Get_AAD_group_names": {
							"runAfter": {},
							"metadata": {
								"operationMetadataId": "d9420915-3ece-46a2-8d6e-07ce591ab2fd"
							},
							"type": "Http",
							"inputs": {
								"method": "GET",
								"uri": "https://graph.microsoft.com/v1.0/groups/@{items('Apply_to_each')?['target']?['groupId']}?$select=id,displayName,membershipRule",
								"authentication": {
									"type": "ActiveDirectoryOAuth",
									"tenant": "@variables('Tenant')",
									"audience": "https://graph.microsoft.com",
									"clientId": "@variables('ClientID')",
									"secret": "@variables('Secret')"
								}
							}
						},
						"Append_to_array_variable": {
							"runAfter": {
								"Parse_JSON_3": [
									"Succeeded"
								]
							},
							"metadata": {
								"operationMetadataId": "303b0f26-e805-47a4-92ec-f0bb069a8bdb"
							},
							"type": "AppendToArrayVariable",
							"inputs": {
								"name": "varAssignedgroups",
								"value": "@body('Parse_JSON_3')"
							}
						},
						"Parse_JSON_3": {
							"runAfter": {
								"Get_AAD_group_names": [
									"Succeeded"
								]
							},
							"metadata": {
								"operationMetadataId": "9671fd8a-7564-4ec4-81ad-51c53ae4bc7e"
							},
							"type": "ParseJson",
							"inputs": {
								"content": "@body('Get_AAD_group_names')",
								"schema": {
									"type": "object",
									"properties": {
										"@@odata.context": {
											"type": "string"
										},
										"id": {
											"type": "string"
										},
										"displayName": {
											"type": "string"
										},
										"membershipRule": {
											"type": "string"
										}
									}
								}
							}
						}
					},
					"runAfter": {
						"varAssignedgroups": [
							"Succeeded"
						]
					},
					"metadata": {
						"operationMetadataId": "cfeb84b9-ee50-4599-a59d-85efcf051352"
					},
					"type": "Foreach"
				},
				"varAssignedgroups": {
					"runAfter": {
						"Parse_JSON": [
							"Succeeded"
						]
					},
					"metadata": {
						"operationMetadataId": "65a7887e-d910-48a6-aa50-dd1e7e481828"
					},
					"type": "InitializeVariable",
					"inputs": {
						"variables": [
							{
								"name": "varAssignedgroups",
								"type": "array"
							}
						]
					}
				},
				"varSelectedpolicy": {
					"runAfter": {
						"Secret": [
							"Succeeded"
						]
					},
					"metadata": {
						"operationMetadataId": "1d70ea2b-8542-4332-ae4d-2823a810ac00"
					},
					"type": "InitializeVariable",
					"inputs": {
						"variables": [
							{
								"name": "varSelectedpolicy",
								"type": "string",
								"value": "@{triggerBody()['varSelectedpolicy_Value']}"
							}
						]
					}
				},
				"Response": {
					"runAfter": {
						"Apply_to_each": [
							"Succeeded"
						]
					},
					"metadata": {
						"operationMetadataId": "79e06cd1-3f23-482a-9135-e85059d1988a"
					},
					"type": "Response",
					"kind": "Http",
					"inputs": {
						"statusCode": 200,
						"body": "@variables('varAssignedgroups')",
						"schema": {
							"type": "array",
							"items": {
								"type": "object",
								"properties": {
									"@@odata.context": {
										"type": "string"
									},
									"id": {
										"type": "string"
									},
									"displayName": {
										"type": "string"
									},
									"membershipRule": {
										"type": "string"
									}
								}
							}
						}
					}
				},
				"Tenant": {
					"runAfter": {},
					"metadata": {
						"operationMetadataId": "3a1e2b2e-ee9d-45b2-b479-e5d550576a22"
					},
					"type": "InitializeVariable",
					"inputs": {
						"variables": [
							{
								"name": "Tenant",
								"type": "string",
								"value": "YOURTENANT.onmicrosoft.com"
							}
						]
					}
				},
				"Client_ID": {
					"runAfter": {
						"Tenant": [
							"Succeeded"
						]
					},
					"metadata": {
						"operationMetadataId": "f68e8526-4cb2-4b77-be0e-a96d320b955a"
					},
					"type": "InitializeVariable",
					"inputs": {
						"variables": [
							{
								"name": "ClientID",
								"type": "string",
								"value": "AADRegistedAppClientID"
							}
						]
					}
				},
				"Secret": {
					"runAfter": {
						"Client_ID": [
							"Succeeded"
						]
					},
					"metadata": {
						"operationMetadataId": "77c57d52-9343-41bd-9dff-daaa974c744a"
					},
					"type": "InitializeVariable",
					"inputs": {
						"variables": [
							{
								"name": "Secret",
								"type": "string",
								"value": "YourAADRegisteredAppSecret"
							}
						]
					}
				}
			},
			"outputs": {}
		},
		"connectionReferences": {},
		"flowFailureAlertSubscribed": false,
		"isManaged": false
	}
}