{
	"name": "de0604dc-141a-43d9-8488-72d8a1916230",
	"id": "/providers/Microsoft.Flow/flows/de0604dc-141a-43d9-8488-72d8a1916230",
	"type": "Microsoft.Flow/flows",
	"properties": {
		"apiId": "/providers/Microsoft.PowerApps/apis/shared_logicflows",
		"displayName": "Get groups assigned to apps",
		"definition": {
			"metadata": {
				"workflowEntityId": null,
				"processAdvisorMetadata": null,
				"flowclientsuspensionreason": "None",
				"flowclientsuspensiontime": null,
				"flowclientsuspensionreasondetails": null,
				"creator": {
					"id": "bcc8a616-f590-4647-aab3-a96ab6bd4e28",
					"type": "User",
					"tenantId": "a0913a44-a168-431b-a1f7-e1eeaa6c2a8d"
				},
				"provisioningMethod": "FromDefinition",
				"failureAlertSubscription": true,
				"clientLastModifiedTime": "2022-10-18T18:30:41.2065773Z"
			},
			"$schema": "https://schema.management.azure.com/providers/Microsoft.Logic/schemas/2016-06-01/workflowdefinition.json#",
			"contentVersion": "1.0.0.0",
			"parameters": {
				"$authentication": {
					"defaultValue": {},
					"type": "SecureObject"
				}
			},
			"triggers": {
				"manual": {
					"metadata": {
						"operationMetadataId": "b6d944a5-d8aa-437c-8b05-9fcd537ef16e"
					},
					"type": "Request",
					"kind": "PowerApp",
					"inputs": {
						"schema": {
							"type": "object",
							"properties": {
								"varAppID_Value": {
									"type": "string",
									"description": "Enter initial value",
									"x-ms-powerflows-param-ispartial": false
								}
							},
							"required": [
								"varAppID_Value"
							]
						}
					}
				}
			},
			"actions": {
				"varAppID": {
					"runAfter": {
						"Secret": [
							"Succeeded"
						]
					},
					"metadata": {
						"operationMetadataId": "6391f919-e5f3-46b6-8ddd-7a545e391f7e"
					},
					"type": "InitializeVariable",
					"inputs": {
						"variables": [
							{
								"name": "varAppID",
								"type": "string",
								"value": "@{triggerBody()['varAppID_Value']}"
							}
						]
					}
				},
				"HTTP_get_app_assignments": {
					"runAfter": {
						"varAppID": [
							"Succeeded"
						]
					},
					"metadata": {
						"operationMetadataId": "d6f59e4f-d886-4d1d-947a-94a6cc7667c4"
					},
					"type": "Http",
					"inputs": {
						"method": "GET",
						"uri": "https://graph.microsoft.com/beta/deviceAppManagement/mobileApps/@{variables('varAppID')}/assignments?$select=target",
						"authentication": {
							"type": "ActiveDirectoryOAuth",
							"tenant": "@variables('Tenant')",
							"audience": "https://graph.microsoft.com",
							"clientId": "@variables('ClientID')",
							"secret": "@variables('Secret')"
						}
					}
				},
				"Parse_JSON": {
					"runAfter": {
						"HTTP_get_app_assignments": [
							"Succeeded"
						]
					},
					"metadata": {
						"operationMetadataId": "51d45d93-085f-464f-bdb9-837f462eb8fe"
					},
					"type": "ParseJson",
					"inputs": {
						"content": "@body('HTTP_get_app_assignments')",
						"schema": {
							"type": "object",
							"properties": {
								"@@odata.context": {
									"type": "string"
								},
								"value": {
									"type": "array",
									"items": {
										"type": "object",
										"properties": {
											"target": {
												"type": "object",
												"properties": {
													"@@odata.type": {
														"type": "string"
													},
													"deviceAndAppManagementAssignmentFilterId": {},
													"deviceAndAppManagementAssignmentFilterType": {
														"type": "string"
													},
													"groupId": {
														"type": "string"
													}
												}
											}
										},
										"required": [
											"target"
										]
									}
								}
							}
						}
					}
				},
				"varAppassignedgroups": {
					"runAfter": {
						"Parse_JSON": [
							"Succeeded"
						]
					},
					"metadata": {
						"operationMetadataId": "567c495f-c844-47ec-a3d6-0ee4efa40fbb"
					},
					"type": "InitializeVariable",
					"inputs": {
						"variables": [
							{
								"name": "varAppassignedgroups",
								"type": "array"
							}
						]
					}
				},
				"Apply_to_each": {
					"foreach": "@body('Parse_JSON')?['value']",
					"actions": {
						"Get_AAD_group_names": {
							"runAfter": {},
							"metadata": {
								"operationMetadataId": "d9420915-3ece-46a2-8d6e-07ce591ab2fd"
							},
							"type": "Http",
							"inputs": {
								"method": "GET",
								"uri": "https://graph.microsoft.com/v1.0/groups/@{items('Apply_to_each')?['target']?['groupId']}?$select=id,displayName,membershipRule",
								"authentication": {
									"type": "ActiveDirectoryOAuth",
									"tenant": "@variables('Tenant')",
									"audience": "https://graph.microsoft.com",
									"clientId": "@variables('ClientID')",
									"secret": "@variables('Secret')"
								}
							}
						},
						"Parse_JSON_2": {
							"runAfter": {
								"Get_AAD_group_names": [
									"Succeeded"
								]
							},
							"metadata": {
								"operationMetadataId": "eaa5d72b-eac9-4c82-97d2-faf4ace47a52"
							},
							"type": "ParseJson",
							"inputs": {
								"content": "@body('Get_AAD_group_names')",
								"schema": {
									"type": "object",
									"properties": {
										"@@odata.context": {
											"type": "string"
										},
										"id": {
											"type": "string"
										},
										"displayName": {
											"type": "string"
										},
										"membershipRule": {
											"type": [
												"string",
												"null"
											]
										}
									}
								}
							}
						},
						"Append_to_array_variable": {
							"runAfter": {
								"Parse_JSON_2": [
									"Succeeded"
								]
							},
							"metadata": {
								"operationMetadataId": "f02caf1d-5159-4b76-90f7-ac8830c8a617"
							},
							"type": "AppendToArrayVariable",
							"inputs": {
								"name": "varAppassignedgroups",
								"value": "@body('Parse_JSON_2')"
							}
						}
					},
					"runAfter": {
						"varAppassignedgroups": [
							"Succeeded"
						]
					},
					"metadata": {
						"operationMetadataId": "906c3a6b-1d00-4da7-a928-5775800ce16b"
					},
					"type": "Foreach"
				},
				"Response": {
					"runAfter": {
						"Apply_to_each": [
							"Succeeded"
						]
					},
					"metadata": {
						"operationMetadataId": "79e06cd1-3f23-482a-9135-e85059d1988a"
					},
					"type": "Response",
					"kind": "Http",
					"inputs": {
						"statusCode": 200,
						"body": "@variables('varAppassignedgroups')",
						"schema": {
							"type": "array",
							"items": {
								"type": "object",
								"properties": {
									"@@odata.context": {
										"type": "string"
									},
									"id": {
										"type": "string"
									},
									"displayName": {
										"type": "string"
									},
									"membershipRule": {
										"type": "string"
									}
								}
							}
						}
					}
				},
				"Tenant": {
					"runAfter": {},
					"metadata": {
						"operationMetadataId": "3a1e2b2e-ee9d-45b2-b479-e5d550576a22"
					},
					"type": "InitializeVariable",
					"inputs": {
						"variables": [
							{
								"name": "Tenant",
								"type": "string",
								"value": "YOURTENANT.onmicrosoft.com"
							}
						]
					}
				},
				"Client_ID": {
					"runAfter": {
						"Tenant": [
							"Succeeded"
						]
					},
					"metadata": {
						"operationMetadataId": "f68e8526-4cb2-4b77-be0e-a96d320b955a"
					},
					"type": "InitializeVariable",
					"inputs": {
						"variables": [
							{
								"name": "ClientID",
								"type": "string",
								"value": "AADRegistedAppClientID"
							}
						]
					}
				},
				"Secret": {
					"runAfter": {
						"Client_ID": [
							"Succeeded"
						]
					},
					"metadata": {
						"operationMetadataId": "77c57d52-9343-41bd-9dff-daaa974c744a"
					},
					"type": "InitializeVariable",
					"inputs": {
						"variables": [
							{
								"name": "Secret",
								"type": "string",
								"value": "YourAADRegisteredAppSecret"
							}
						]
					}
				}
			},
			"outputs": {}
		},
		"connectionReferences": {},
		"flowFailureAlertSubscribed": false,
		"isManaged": false
	}
}