{
	"name": "4ce3a2ad-f1cc-46c1-b875-99b0babab7ce",
	"id": "/providers/Microsoft.Flow/flows/4ce3a2ad-f1cc-46c1-b875-99b0babab7ce",
	"type": "Microsoft.Flow/flows",
	"properties": {
		"apiId": "/providers/Microsoft.PowerApps/apis/shared_logicflows",
		"displayName": "Get apps (group assignment app)",
		"definition": {
			"metadata": {
				"workflowEntityId": null,
				"processAdvisorMetadata": null,
				"flowclientsuspensionreason": "None",
				"flowclientsuspensiontime": null,
				"flowclientsuspensionreasondetails": null,
				"creator": {
					"id": "bcc8a616-f590-4647-aab3-a96ab6bd4e28",
					"type": "User",
					"tenantId": "YourTenantID"
				},
				"provisioningMethod": "FromDefinition",
				"failureAlertSubscription": true,
				"clientLastModifiedTime": "2022-10-18T17:22:15.8813492Z"
			},
			"$schema": "https://schema.management.azure.com/providers/Microsoft.Logic/schemas/2016-06-01/workflowdefinition.json#",
			"contentVersion": "1.0.0.0",
			"parameters": {
				"$authentication": {
					"defaultValue": {},
					"type": "SecureObject"
				}
			},
			"triggers": {
				"manual": {
					"metadata": {
						"operationMetadataId": "b6d944a5-d8aa-437c-8b05-9fcd537ef16e"
					},
					"type": "Request",
					"kind": "PowerApp",
					"inputs": {
						"schema": {
							"type": "object",
							"properties": {},
							"required": []
						}
					}
				}
			},
			"actions": {
				"HTTP_get_apps": {
					"runAfter": {
						"Secret": [
							"Succeeded"
						]
					},
					"metadata": {
						"operationMetadataId": "b450866d-15b3-4a4a-a353-b96f645e796f"
					},
					"type": "Http",
					"inputs": {
						"method": "GET",
						"uri": "https://graph.microsoft.com/beta/deviceAppManagement/mobileApps?$select=displayName,id,publisher,isAssigned,createdDateTime",
						"authentication": {
							"type": "ActiveDirectoryOAuth",
							"tenant": "@variables('Tenant')",
							"audience": "https://graph.microsoft.com",
							"clientId": "@variables('ClientID')",
							"secret": "@variables('Secret')"
						}
					}
				},
				"Parse_JSON": {
					"runAfter": {
						"HTTP_get_apps": [
							"Succeeded"
						]
					},
					"metadata": {
						"operationMetadataId": "7daa6fef-d30f-4b31-8c83-e5323718736d"
					},
					"type": "ParseJson",
					"inputs": {
						"content": "@body('HTTP_get_apps')",
						"schema": {
							"type": "object",
							"properties": {
								"@@odata.context": {
									"type": "string"
								},
								"@@odata.count": {
									"type": "integer"
								},
								"value": {
									"type": "array",
									"items": {
										"type": "object",
										"properties": {
											"@@odata.type": {
												"type": "string"
											},
											"displayName": {
												"type": "string"
											},
											"id": {
												"type": "string"
											},
											"publisher": {
												"type": "string"
											},
											"isAssigned": {
												"type": "boolean"
											},
											"createdDateTime": {
												"type": "string"
											}
										},
										"required": [
											"@@odata.type",
											"displayName",
											"id",
											"publisher",
											"isAssigned",
											"createdDateTime"
										]
									}
								}
							}
						}
					}
				},
				"Response": {
					"runAfter": {
						"Parse_JSON": [
							"Succeeded"
						]
					},
					"metadata": {
						"operationMetadataId": "30d75ff5-def8-46a2-8b8a-b7564f81dd32"
					},
					"type": "Response",
					"kind": "Http",
					"inputs": {
						"statusCode": 200,
						"body": "@body('Parse_JSON')?['value']",
						"schema": {
							"type": "array",
							"items": {
								"type": "object",
								"properties": {
									"@@odata.type": {
										"type": "string"
									},
									"displayName": {
										"type": "string"
									},
									"id": {
										"type": "string"
									},
									"publisher": {
										"type": "string"
									},
									"isAssigned": {
										"type": "boolean"
									},
									"createdDateTime": {
										"type": "string"
									}
								}
							}
						}
					}
				},
				"Tenant": {
					"runAfter": {},
					"metadata": {
						"operationMetadataId": "3a1e2b2e-ee9d-45b2-b479-e5d550576a22"
					},
					"type": "InitializeVariable",
					"inputs": {
						"variables": [
							{
								"name": "Tenant",
								"type": "string",
								"value": "YOURTENANT.onmicrosoft.com"
							}
						]
					}
				},
				"Client_ID": {
					"runAfter": {
						"Tenant": [
							"Succeeded"
						]
					},
					"metadata": {
						"operationMetadataId": "f68e8526-4cb2-4b77-be0e-a96d320b955a"
					},
					"type": "InitializeVariable",
					"inputs": {
						"variables": [
							{
								"name": "ClientID",
								"type": "string",
								"value": "AADRegistedAppClientID"
							}
						]
					}
				},
				"Secret": {
					"runAfter": {
						"Client_ID": [
							"Succeeded"
						]
					},
					"metadata": {
						"operationMetadataId": "77c57d52-9343-41bd-9dff-daaa974c744a"
					},
					"type": "InitializeVariable",
					"inputs": {
						"variables": [
							{
								"name": "Secret",
								"type": "string",
								"value": "YourAADRegisteredAppSecret"
							}
						]
					}
				}
			},
			"outputs": {}
		},
		"connectionReferences": {},
		"flowFailureAlertSubscribed": false,
		"isManaged": false
	}
}