{
	"name": "34ac1883-894f-4489-bffa-4280b19d3265",
	"id": "/providers/Microsoft.Flow/flows/34ac1883-894f-4489-bffa-4280b19d3265",
	"type": "Microsoft.Flow/flows",
	"properties": {
		"apiId": "/providers/Microsoft.PowerApps/apis/shared_logicflows",
		"displayName": "Get Azure AD Groups - filters app",
		"definition": {
			"metadata": {
				"workflowEntityId": null,
				"processAdvisorMetadata": null,
				"flowclientsuspensionreason": "None",
				"flowclientsuspensiontime": null,
				"flowclientsuspensionreasondetails": null,
				"creator": {
					"id": "bcc8a616-f590-4647-aab3-a96ab6bd4e28",
					"type": "User",
					"tenantId": "YourTenantID"
				},
				"provisioningMethod": "FromDefinition",
				"failureAlertSubscription": true,
				"clientLastModifiedTime": "2022-10-18T18:27:18.8168681Z"
			},
			"$schema": "https://schema.management.azure.com/providers/Microsoft.Logic/schemas/2016-06-01/workflowdefinition.json#",
			"contentVersion": "1.0.0.0",
			"parameters": {
				"$authentication": {
					"defaultValue": {},
					"type": "SecureObject"
				}
			},
			"triggers": {
				"manual": {
					"metadata": {
						"operationMetadataId": "d4cb12f0-e659-413a-b4ee-862ab14c18ec"
					},
					"type": "Request",
					"kind": "PowerApp",
					"inputs": {
						"schema": {
							"type": "object",
							"properties": {},
							"required": []
						}
					}
				}
			},
			"actions": {
				"HTTP": {
					"runAfter": {
						"Secret": [
							"Succeeded"
						]
					},
					"metadata": {
						"operationMetadataId": "c6e36c33-2069-43dd-962c-a924915a1d1f"
					},
					"type": "Http",
					"inputs": {
						"method": "GET",
						"uri": "https://graph.microsoft.com/v1.0/groups?$top=950&$select=id,displayName&$orderby=displayName",
						"authentication": {
							"type": "ActiveDirectoryOAuth",
							"tenant": "@variables('Tenant')",
							"audience": "https://graph.microsoft.com",
							"clientId": "@variables('ClientID')",
							"secret": "@variables('Secret')"
						}
					}
				},
				"Parse_JSON": {
					"runAfter": {
						"HTTP": [
							"Succeeded"
						]
					},
					"metadata": {
						"operationMetadataId": "8cff7a2b-c151-4104-bb4f-f7c6d19f407d"
					},
					"type": "ParseJson",
					"inputs": {
						"content": "@body('HTTP')",
						"schema": {
							"type": "object",
							"properties": {
								"@@odata.context": {
									"type": "string"
								},
								"value": {
									"type": "array",
									"items": {
										"type": "object",
										"properties": {
											"id": {
												"type": "string"
											},
											"displayName": {
												"type": "string"
											}
										},
										"required": [
											"id",
											"displayName"
										]
									}
								}
							}
						}
					}
				},
				"Response": {
					"runAfter": {
						"Parse_JSON": [
							"Succeeded"
						]
					},
					"metadata": {
						"operationMetadataId": "1cd66981-5d79-4cea-89cd-a3c7d80980c7"
					},
					"type": "Response",
					"kind": "Http",
					"inputs": {
						"statusCode": 200,
						"body": "@body('Parse_JSON')?['value']",
						"schema": {
							"type": "array",
							"items": {
								"type": "object",
								"properties": {
									"id": {
										"type": "string"
									},
									"displayName": {
										"type": "string"
									}
								}
							}
						}
					}
				},
				"Tenant": {
					"runAfter": {},
					"metadata": {
						"operationMetadataId": "3a1e2b2e-ee9d-45b2-b479-e5d550576a22"
					},
					"type": "InitializeVariable",
					"inputs": {
						"variables": [
							{
								"name": "Tenant",
								"type": "string",
								"value": "YOURTENANT.onmicrosoft.com"
							}
						]
					}
				},
				"Client_ID": {
					"runAfter": {
						"Tenant": [
							"Succeeded"
						]
					},
					"metadata": {
						"operationMetadataId": "f68e8526-4cb2-4b77-be0e-a96d320b955a"
					},
					"type": "InitializeVariable",
					"inputs": {
						"variables": [
							{
								"name": "ClientID",
								"type": "string",
								"value": "AADRegistedAppClientID"
							}
						]
					}
				},
				"Secret": {
					"runAfter": {
						"Client_ID": [
							"Succeeded"
						]
					},
					"metadata": {
						"operationMetadataId": "77c57d52-9343-41bd-9dff-daaa974c744a"
					},
					"type": "InitializeVariable",
					"inputs": {
						"variables": [
							{
								"name": "Secret",
								"type": "string",
								"value": "YourAADRegisteredAppSecret"
							}
						]
					}
				}
			},
			"outputs": {}
		},
		"connectionReferences": {},
		"flowFailureAlertSubscribed": false,
		"isManaged": false
	}
}