{
	"name": "6dc38c67-7099-4848-ab0e-92611cacb301",
	"id": "/providers/Microsoft.Flow/flows/6dc38c67-7099-4848-ab0e-92611cacb301",
	"type": "Microsoft.Flow/flows",
	"properties": {
		"apiId": "/providers/Microsoft.PowerApps/apis/shared_logicflows",
		"displayName": "Get device configurations",
		"definition": {
			"metadata": {
				"workflowEntityId": null,
				"processAdvisorMetadata": null,
				"flowclientsuspensionreason": "None",
				"flowclientsuspensiontime": null,
				"flowclientsuspensionreasondetails": null,
				"creator": {
					"id": "bcc8a616-f590-4647-aab3-a96ab6bd4e28",
					"type": "User",
					"tenantId": "YourTenantID"
				},
				"provisioningMethod": "FromDefinition",
				"failureAlertSubscription": true,
				"clientLastModifiedTime": "2022-08-29T19:38:31.0074529Z"
			},
			"$schema": "https://schema.management.azure.com/providers/Microsoft.Logic/schemas/2016-06-01/workflowdefinition.json#",
			"contentVersion": "1.0.0.0",
			"parameters": {
				"$authentication": {
					"defaultValue": {},
					"type": "SecureObject"
				}
			},
			"triggers": {
				"manual": {
					"metadata": {
						"operationMetadataId": "e9c33e68-6a80-4674-b200-f2adccbc3ffd"
					},
					"type": "Request",
					"kind": "PowerApp",
					"inputs": {
						"schema": {
							"type": "object",
							"properties": {},
							"required": []
						}
					}
				}
			},
			"actions": {
				"Get_device_configurations": {
					"runAfter": {},
					"metadata": {
						"operationMetadataId": "4d404909-0fec-48b7-913b-f2d3725d0bcc"
					},
					"type": "Http",
					"inputs": {
						"method": "GET",
						"uri": "https://graph.microsoft.com/beta/deviceManagement/deviceConfigurations?$select=displayName,id,createdDateTime,lastModifiedDateTime",
						"authentication": {
							"type": "ActiveDirectoryOAuth",
							"tenant": "YOURTENANT.onmicrosoft.com",
							"audience": "https://graph.microsoft.com",
							"clientId": "AADRegistedAppClientID",
							"secret": "YourAADRegisteredAppSecret"
						}
					}
				},
				"Response": {
					"runAfter": {
						"Parse_JSON": [
							"Succeeded"
						]
					},
					"metadata": {
						"operationMetadataId": "ec1a6923-76b4-4591-89e2-d85abd827ce3"
					},
					"type": "Response",
					"kind": "Http",
					"inputs": {
						"statusCode": 200,
						"body": "@body('Parse_JSON')?['value']",
						"schema": {
							"type": "array",
							"items": {
								"type": "object",
								"properties": {
									"@@odata.type": {
										"type": "string"
									},
									"displayName": {
										"type": "string"
									},
									"id": {
										"type": "string"
									},
									"createdDateTime": {
										"type": "string"
									},
									"lastModifiedDateTime": {
										"type": "string"
									}
								},
								"required": [
									"@@odata.type",
									"displayName",
									"id",
									"createdDateTime",
									"lastModifiedDateTime"
								]
							}
						}
					}
				},
				"Parse_JSON": {
					"runAfter": {
						"Get_device_configurations": [
							"Succeeded"
						]
					},
					"metadata": {
						"operationMetadataId": "a6cc5397-dc50-42c6-a56b-91483ac1c313"
					},
					"type": "ParseJson",
					"inputs": {
						"content": "@body('Get_device_configurations')",
						"schema": {
							"type": "object",
							"properties": {
								"@@odata.context": {
									"type": "string"
								},
								"value": {
									"type": "array",
									"items": {
										"type": "object",
										"properties": {
											"@@odata.type": {
												"type": "string"
											},
											"displayName": {
												"type": "string"
											},
											"id": {
												"type": "string"
											},
											"createdDateTime": {
												"type": "string"
											},
											"lastModifiedDateTime": {
												"type": "string"
											}
										},
										"required": [
											"@@odata.type",
											"displayName",
											"id",
											"createdDateTime",
											"lastModifiedDateTime"
										]
									}
								}
							}
						}
					}
				}
			},
			"outputs": {}
		},
		"connectionReferences": {},
		"flowFailureAlertSubscribed": false,
		"isManaged": false
	}
}