{"schemaVersion":"1.0","appDefinitionTemplate":{"id":"/providers/Microsoft.PowerApps/apps/","type":"Microsoft.PowerApps/apps","tags":{"primaryDeviceWidth":"1366","primaryDeviceHeight":"768","supportsPortrait":"true","supportsLandscape":"true","primaryFormFactor":"Tablet","publisherVersion":"3.22094.23","minimumRequiredApiVersion":"2.2.0","hasComponent":"false","hasUnlockedComponent":"false","isUnifiedRootApp":"false","sienaVersion":"20221017T211958Z-3.22094.23.0"},"properties":{"appVersion":"2022-10-17T21:19:58Z","lifeCycleId":"Published","createdByClientVersion":{"major":3,"minor":22094,"build":23,"revision":0,"majorRevision":0,"minorRevision":0},"minClientVersion":{"major":3,"minor":22094,"build":23,"revision":0,"majorRevision":0,"minorRevision":0},"backgroundColor":"RGBA(0,176,240,1)","backgroundImageUri":"/8420727626240529601/N6b4818c8-1d39-45ba-93b6-ef09fe327f10-logoSmallFile","displayName":"AAD group assignments in Intune","description":"","commitMessage":"","appUris":{"documentUri":{"value":"/8420727626240529601/Naad9c9fe-b50a-41d3-bb19-edb0e3ecdd52-document.msapp"},"imageUris":[],"additionalUris":[]},"createdTime":"0001-01-01T00:00:00Z","lastModifiedTime":"0001-01-01T00:00:00Z","sharedGroupsCount":0,"sharedUsersCount":0,"icons":{"smallIconUri":"/8420727626240529601/N0fbc7928-77d4-4d1d-86c8-d778a849b058-small.png","mediumIconUri":"/8420727626240529601/Nf83a7f62-e471-4f0b-82ce-b74a6268396f-medium.png","largeIconUri":"/8420727626240529601/Na59272e8-9105-4725-9374-cb46bb7be6d0-large.png","wideIconUri":"/8420727626240529601/N820d11a0-93a7-4932-8ae3-e8fb86a38309-wide.png"},"connectionReferences":{"3c58bbcb-5bcb-4896-8b1a-ed7dba2d89ab":{"id":"1a6456e8-5fea-4d16-a267-733ab402e715","displayName":"Logic flows","iconUri":"https://connectoricons-prod.azureedge.net/releases/v1.0.1534/1.0.1534.2605/logicflows/icon.png","dataSources":["Getgroupsassignedtoconfigprofiles"],"dependencies":[],"dependents":[],"parameterHints":{"workflowName":{"value":"76710f4c-d8bf-4c1a-a4b5-f394791fcc05"},"workflowEntityId":{}},"parameterHintsV2":{"workflowName":{"value":"76710f4c-d8bf-4c1a-a4b5-f394791fcc05"},"workflowEntityId":{}},"isOnPremiseConnection":false,"bypassConsent":false,"dataSets":{},"apiTier":"Standard","isCustomApiConnection":false,"actions":["Run"]},"e302d461-9f77-424c-abbc-d1b5739a52ad":{"id":"1a6456e8-5fea-4d16-a267-733ab402e715","displayName":"Logic flows","iconUri":"https://connectoricons-prod.azureedge.net/releases/v1.0.1534/1.0.1534.2605/logicflows/icon.png","dataSources":["Getdeviceconfigurations"],"dependencies":[],"dependents":[],"parameterHints":{"workflowName":{"value":"69eb58a4-61b9-412a-a897-3485b434ac8d"},"workflowEntityId":{}},"parameterHintsV2":{"workflowName":{"value":"69eb58a4-61b9-412a-a897-3485b434ac8d"},"workflowEntityId":{}},"isOnPremiseConnection":false,"bypassConsent":false,"dataSets":{},"apiTier":"Standard","isCustomApiConnection":false,"actions":["Run"]},"bca2cb0e-5560-4679-9435-bf002fd5ff0b":{"id":"1a6456e8-5fea-4d16-a267-733ab402e715","displayName":"Logic flows","iconUri":"https://connectoricons-prod.azureedge.net/releases/v1.0.1534/1.0.1534.2605/logicflows/icon.png","dataSources":["Getapps(groupassignmentapp)"],"dependencies":[],"dependents":[],"parameterHints":{"workflowName":{"value":"42f333c1-038b-49dd-96b1-3cab484eba24"},"workflowEntityId":{}},"parameterHintsV2":{"workflowName":{"value":"42f333c1-038b-49dd-96b1-3cab484eba24"},"workflowEntityId":{}},"isOnPremiseConnection":false,"bypassConsent":false,"dataSets":{},"apiTier":"Standard","isCustomApiConnection":false,"actions":["Run"]},"40348906-0b57-4b92-a7fd-bbd617698b9b":{"id":"1a6456e8-5fea-4d16-a267-733ab402e715","displayName":"Logic flows","iconUri":"https://connectoricons-prod.azureedge.net/releases/v1.0.1534/1.0.1534.2605/logicflows/icon.png","dataSources":["Getgroupsassignedtoapps"],"dependencies":[],"dependents":[],"parameterHints":{"workflowName":{"value":"f0289a2d-21a5-4cdb-aa54-fde667a129f4"},"workflowEntityId":{}},"parameterHintsV2":{"workflowName":{"value":"f0289a2d-21a5-4cdb-aa54-fde667a129f4"},"workflowEntityId":{}},"isOnPremiseConnection":false,"bypassConsent":false,"dataSets":{},"apiTier":"Standard","isCustomApiConnection":false,"actions":["Run"]},"cad291ed-4af4-4a78-9b5f-a06c2e338d57":{"id":"1a6456e8-5fea-4d16-a267-733ab402e715","displayName":"Logic flows","iconUri":"https://connectoricons-prod.azureedge.net/releases/v1.0.1534/1.0.1534.2605/logicflows/icon.png","dataSources":["Getdevicegroupmembers(MEMgroupdevicesapp)"],"dependencies":[],"dependents":[],"parameterHints":{"workflowName":{"value":"160318e3-fe9f-450e-815a-24b38c928d91"},"workflowEntityId":{}},"parameterHintsV2":{"workflowName":{"value":"160318e3-fe9f-450e-815a-24b38c928d91"},"workflowEntityId":{}},"isOnPremiseConnection":false,"bypassConsent":false,"dataSets":{},"apiTier":"Standard","isCustomApiConnection":false,"actions":["Run"]},"bba25752-c2ed-4111-85df-3eeafa9a8eb5":{"id":"1a6456e8-5fea-4d16-a267-733ab402e715","displayName":"Logic flows","iconUri":"https://connectoricons-prod.azureedge.net/releases/v1.0.1534/1.0.1534.2605/logicflows/icon.png","dataSources":["GetAzureADGroups-filtersapp"],"dependencies":[],"dependents":[],"parameterHints":{"workflowName":{"value":"f6c05fee-ff62-4116-b87f-c5ebe9d680ad"},"workflowEntityId":{}},"parameterHintsV2":{"workflowName":{"value":"f6c05fee-ff62-4116-b87f-c5ebe9d680ad"},"workflowEntityId":{}},"isOnPremiseConnection":false,"bypassConsent":false,"dataSets":{},"apiTier":"Standard","isCustomApiConnection":false}},"databaseReferences":{},"almMode":"Environment","performanceOptimizationEnabled":true,"canConsumeAppPass":true,"enableModernRuntimeMode":false,"executionRestrictions":{"isTeamsOnly":false,"dataLossPreventionEvaluationResult":{"status":"Compliant","lastEvaluationDate":"2022-10-07T00:47:50.084516Z","violations":[],"violationsByPolicy":[],"violationErrorMessage":"The app uses the following connectors: shared_logicflows."},"httpActionRestriction":{"appUsesSharepointHttpAction":false,"enforcementStrategy":"Legacy","evaluationTime":"2022-10-07T00:47:50.0843245Z"}}},"appType":"ClassicCanvasApp","appComponents":[]}}