{
	"name": "eb78a73a-0285-43f4-b8f4-b236077f1a4a",
	"id": "/providers/Microsoft.Flow/flows/eb78a73a-0285-43f4-b8f4-b236077f1a4a",
	"type": "Microsoft.Flow/flows",
	"properties": {
		"apiId": "/providers/Microsoft.PowerApps/apis/shared_logicflows",
		"displayName": "Get device group members (MEM group devices app)",
		"definition": {
			"metadata": {
				"workflowEntityId": null,
				"processAdvisorMetadata": null,
				"flowclientsuspensionreason": "None",
				"flowclientsuspensiontime": null,
				"creator": {
					"id": "bcc8a616-f590-4647-aab3-a96ab6bd4e28",
					"type": "User",
					"tenantId": "YourTenantID"
				},
				"provisioningMethod": "FromDefinition",
				"failureAlertSubscription": true,
				"clientLastModifiedTime": "2022-02-01T19:21:05.6414001Z"
			},
			"$schema": "https://schema.management.azure.com/providers/Microsoft.Logic/schemas/2016-06-01/workflowdefinition.json#",
			"contentVersion": "1.0.0.0",
			"parameters": {
				"$authentication": {
					"defaultValue": {},
					"type": "SecureObject"
				}
			},
			"triggers": {
				"manual": {
					"metadata": {
						"operationMetadataId": "de533d1c-7143-4f40-83eb-40163219372f"
					},
					"type": "Request",
					"kind": "PowerApp",
					"inputs": {
						"schema": {
							"type": "object",
							"properties": {
								"Initializevariable_Value": {
									"type": "any"
								}
							},
							"required": [
								"Initializevariable_Value"
							]
						}
					}
				}
			},
			"actions": {
				"Get_AAD_group_members": {
					"runAfter": {
						"SelectedAADGroup": [
							"Succeeded"
						]
					},
					"metadata": {
						"operationMetadataId": "2802a6b6-0b59-411a-a834-54b55617ee4b"
					},
					"type": "Http",
					"inputs": {
						"method": "GET",
						"uri": "https://graph.microsoft.com/v1.0/groups/@{variables('SelectedAADGroup')}/transitiveMembers?$select=displayName,deviceId,manufacturer,model,operatingSystem,operatingSystemVersion",
						"authentication": {
							"type": "ActiveDirectoryOAuth",
							"tenant": "YOURTENANT.onmicrosoft.com",
							"audience": "https://graph.microsoft.com",
							"clientId": "AADRegistedAppClientID",
							"secret": "YourAADRegisteredAppSecret"
						}
					}
				},
				"Parse_JSON": {
					"runAfter": {
						"Get_AAD_group_members": [
							"Succeeded"
						]
					},
					"metadata": {
						"operationMetadataId": "4ec16298-d6c6-4a2f-8032-78b3a4795d30"
					},
					"type": "ParseJson",
					"inputs": {
						"content": "@body('Get_AAD_group_members')",
						"schema": {
							"type": "object",
							"properties": {
								"@@odata.context": {
									"type": "string"
								},
								"value": {
									"type": "array",
									"items": {
										"type": "object",
										"properties": {
											"@@odata.type": {
												"type": "string"
											},
											"displayName": {
												"type": "string"
											},
											"deviceId": {
												"type": "string"
											},
											"manufacturer": {
												"type": "string"
											},
											"model": {
												"type": "string"
											},
											"operatingSystem": {
												"type": "string"
											},
											"operatingSystemVersion": {
												"type": "string"
											}
										},
										"required": [
											"@@odata.type",
											"displayName",
											"deviceId",
											"manufacturer",
											"model",
											"operatingSystem",
											"operatingSystemVersion"
										]
									}
								}
							}
						}
					}
				},
				"Response": {
					"runAfter": {
						"Parse_JSON": [
							"Succeeded"
						]
					},
					"metadata": {
						"operationMetadataId": "0018da0b-2f63-49a2-bf5c-512b29c32f35"
					},
					"type": "Response",
					"kind": "Http",
					"inputs": {
						"statusCode": 200,
						"body": "@body('Parse_JSON')?['value']",
						"schema": {
							"type": "array",
							"items": {
								"type": "object",
								"properties": {
									"@@odata.type": {
										"type": "string"
									},
									"displayName": {
										"type": "string"
									},
									"deviceId": {
										"type": "string"
									},
									"manufacturer": {
										"type": "string"
									},
									"model": {
										"type": "string"
									},
									"operatingSystem": {
										"type": "string"
									},
									"operatingSystemVersion": {
										"type": "string"
									}
								}
							}
						}
					}
				},
				"SelectedAADGroup": {
					"runAfter": {},
					"metadata": {
						"operationMetadataId": "024cf6ae-c3c3-4252-8381-c59622fbf143"
					},
					"type": "InitializeVariable",
					"inputs": {
						"variables": [
							{
								"name": "SelectedAADGroup",
								"type": "string",
								"value": "@{triggerBody()['Initializevariable_Value']}"
							}
						]
					}
				}
			},
			"outputs": {}
		},
		"connectionReferences": {},
		"flowFailureAlertSubscribed": false,
		"isManaged": false
	}
}